keyword_counts,text,url
[40],【Python】独学による勉強方法と手順をスキル別で徹底解説！,https://su-gi-rx.com/archives/5363
[18],【認定ランサー】Python初心者が作れるものを目的別に学習方法解説！,https://su-gi-rx.com/archives/5216
[65],【副業】プログラミング言語学習から稼げる案件を認定ランサーが伝授！,https://su-gi-rx.com/archives/5149
[63],【案件判断基準】プログラミング副業の無理な案件を認定ランサーが伝授！,https://su-gi-rx.com/archives/5111
[1],無料のタスク・プロジェクト管理ツール「Backlog」の料金・作成・使い方まで徹底解説！,https://su-gi-rx.com/archives/4969
[10],プログラミングにおけるスマホアプリとWebアプリ開発の違いを徹底解説！,https://su-gi-rx.com/archives/4959
[3],エンジニアだけど作りたいものがないと悩む必要はない！,https://su-gi-rx.com/archives/4885
[16],Python習得から就職・転職できる平均年収が高い仕事TOP3,https://su-gi-rx.com/archives/4874
[13],ノーコード・ローコード開発ツールにおけるおすすめの学習方法と学習サイト,https://su-gi-rx.com/archives/4848
[30],プログラミングスキルを向上させるために今すぐ行動できるTOP5,https://su-gi-rx.com/archives/4841
[16],未経験からプログラミングを学びエンジニアになるべき理由,https://su-gi-rx.com/archives/4826
[24],Pythonはなぜ人気なの？平均年収は？これらの理由を解説【初心者向け】,https://su-gi-rx.com/archives/4821
[76],プログラミング学習はいくらかかる？無料で学べるのか？,https://su-gi-rx.com/archives/4776
[17],もはやプログラミング不要！？NoCode（ノーコード）とは？,https://su-gi-rx.com/archives/4745
[40],未経験からエンジニア転職を考えるための５つのステップ〜アプローチを間違えるな！〜,https://su-gi-rx.com/archives/4724
[21],駆け出しエンジニアから抜け出すためのプログラミング学習のポイント,https://su-gi-rx.com/archives/4721
[52],【プログラミング相談】100人以上に聞いてわかったプログラミングを挫折する人の共通点,https://su-gi-rx.com/archives/4714
[3],【google colaboratory】Python実行環境でYoutube動画の自動文字起こし,https://su-gi-rx.com/archives/4701
[6],【Python】Google Colaboratoryの使い方とメリットを徹底解説！,https://su-gi-rx.com/archives/4670
[59],プログラミングスクールに通うべき？判断方法をパターン別に解説！,https://su-gi-rx.com/archives/4663
[62],プログラミングを副業目的で始めても稼げない理由,https://su-gi-rx.com/archives/4655
[5],【Python】YouTube Data API v3を利用した特定チャンネルの動画情報取得,https://su-gi-rx.com/archives/4528
[27],需要の高いプログラミングスキルTOP3〜覚えておくと周りに差をつけられる〜,https://su-gi-rx.com/archives/4518
[30],【プログラミング実務】なぜ実務経験や実務レベルが重要なのか？,https://su-gi-rx.com/archives/4513
[1],エンジニアの情報収集はどんな方法？効果的な情報収集を解説！,https://su-gi-rx.com/archives/4509
[22],【エンジニア学習】独学・スクールで学んでも成長の実感がないときはどうする？,https://su-gi-rx.com/archives/4506
[4],【エンジニア転職】転職においてポートフォリオって必要？,https://su-gi-rx.com/archives/4501
[27],【エンジニアが語る】プログラミングを始める前に知りたかったこと,https://su-gi-rx.com/archives/4496
[40],【経験談】転職のためのプログラミング学習ほど辛いものはない。。,https://su-gi-rx.com/archives/4411
[64],プログラミング未経験の主婦・ママでも在宅エンジニアとして稼ぐために,https://su-gi-rx.com/archives/4400
[22],【おすすめ】Python学習サイトPyQが初心者に選ばれる理由,https://su-gi-rx.com/archives/4362
[29],仕事のヒントになったおすすめのPythonによる自動化・業務効率化の本10選,https://su-gi-rx.com/archives/4329
[84],プログラミングを趣味にして仕事に活かそう！〜メリットを解説〜,https://su-gi-rx.com/archives/4313
[61],プログラミングは無料でどこまでも学ぶことができる？,https://su-gi-rx.com/archives/4304
[2],SpringBootにおける開発環境構築 – Spring Tool Suiteのダウンロードとインストール【Mac編】,https://su-gi-rx.com/archives/4114
[68],独学・未経験でプログラマー・エンジニアになるには？【ステップ解説】,https://su-gi-rx.com/archives/4094
[18],エンジニアリングとは？ITエンジニアの役割を知っておこう,https://su-gi-rx.com/archives/4088
[118],【比較表・無料体験あり】おすすめのプログラミングスクール3選！オンライン学習で完結！,https://su-gi-rx.com/archives/4052
[24],【Mac編】Python3.8のダウンロードとインストール,https://su-gi-rx.com/archives/3895
[22],【Mac編】Python3.7のダウンロードとインストール,https://su-gi-rx.com/archives/3876
[61],プログラミング学習の挫折率９割の理由と対策,https://su-gi-rx.com/archives/3872
[52],【具体例】プログラミングが上達しない人の特徴と学習のコツ,https://su-gi-rx.com/archives/3865
[52],プログラミング言語の習得時間は目的によって変化する,https://su-gi-rx.com/archives/3854
[62],『プログラミングに年齢は関係ない？』←年代別のポイントを徹底解説！,https://su-gi-rx.com/archives/3846
[60],初めてのプログラミング〜考えておきたいポイント〜,https://su-gi-rx.com/archives/3827
[64],プログラミング脳・考え方を身につけよう〜頭が悪いコピペプログラマーを卒業しよう〜,https://su-gi-rx.com/archives/3816
[35],プログラミングに需要と将来性しかない有益な話,https://su-gi-rx.com/archives/3805
[54],プログラミングにとって最初の題材選びは重要になる,https://su-gi-rx.com/archives/3773
[24],【Mac編】Pythonでexcel（エクセル）を自動化,https://su-gi-rx.com/archives/3767
[1],コストコが『オンラインショッピングサイト』サービスを日本で開始,https://su-gi-rx.com/archives/3759
[1],DeNA提供の次世代タクシー配車アプリ『MOV（モブ）』が「お客様探索ナビ」商用化開始,https://su-gi-rx.com/archives/3753
[1],Xiaomi（シャオミ）が「Mi Note 10」を始め日本上陸,https://su-gi-rx.com/archives/3742
[9],Pythonによる仮想環境の構築方法（Mac編）,https://su-gi-rx.com/archives/3696
[1],「5Gスマホ」市場の動向〜2025年に普及率67%〜,https://su-gi-rx.com/archives/3732
[1],AI搭載のドラレコ無料アプリ「スマートくん」iOS版リリース,https://su-gi-rx.com/archives/3721
[2],エンジニア不足の深刻化の理由とIT人材価値について考える,https://su-gi-rx.com/archives/3706
[1],ソフトバンク 2024年1月3G終了〜5Gの波が到来〜,https://su-gi-rx.com/archives/3703
[2],ソフトバンクと東大によるAI特化「Beyond AI 研究所」設立〜GAFAへ対抗〜,https://su-gi-rx.com/archives/3695
[8],プログラミングにおけるWeb系企業の特徴を徹底解説！,https://su-gi-rx.com/archives/3690
[22],プログラミングで就職を有利に進めていく方法について,https://su-gi-rx.com/archives/3683
[27],Pythonを学習するのに必要な時間・目標とは？,https://su-gi-rx.com/archives/3672
[63],プログラミング学習でモチベーションが続かない・やる気が出ない人への解決策,https://su-gi-rx.com/archives/3667
[45],Eテレ番組”Why!?プログラミング”でスクラッチを楽しもう〜ウェブ視聴・リミックス投稿〜,https://su-gi-rx.com/archives/3658
[94],プログラミングの苦手意識を変えませんか？〜原因と解決策を徹底解説！〜,https://su-gi-rx.com/archives/3650
[46],文系だってプログラミング学習ができる12の理由,https://su-gi-rx.com/archives/3606
[99],【教育用】子供向けプログラミング無料アプリとサイト16選！,https://su-gi-rx.com/archives/3548
[12],Pythonを使って自動化・業務効率化ツールを作成したい方へ,https://su-gi-rx.com/archives/3590
[25],プログラミングでの写経は意味があるのか？徹底解説！,https://su-gi-rx.com/archives/3541
[68],【0からの始め方】プログラミング超初心者が独学で勉強する手段とコツ,https://su-gi-rx.com/archives/3535
[41],Pythonによるプログラミング学習は難しい？そんな事ないですよ！,https://su-gi-rx.com/archives/3516
[52],シニア向けプログラミングのもくもく会も熱を帯び始めている,https://su-gi-rx.com/archives/3524
[37],学研のニューブロック×プログラミング←2019年トイ部門優秀賞だそうです,https://su-gi-rx.com/archives/3517
[87],プログラミング学習のコツが掴めない人の共通点,https://su-gi-rx.com/archives/3511
[79],プログラミングが難しい？←誰でもできます。,https://su-gi-rx.com/archives/3505
[75],プログラミングにセンスは必要ない←目的設定が重要！,https://su-gi-rx.com/archives/3500
[22],Pythonの歴史を追って理解を深めよう〜なぜPythonは人気なのか〜,https://su-gi-rx.com/archives/3482
[60],プログラミングを時間の無駄にしない人の特徴とエンジニア人生設計,https://su-gi-rx.com/archives/3486
[5],【Python】NetworkXライブラリの基礎的な使い方とグラフの可視化,https://su-gi-rx.com/archives/3451
[41],プログラミングに向いていない人の特徴とは？,https://su-gi-rx.com/archives/3476
[23],プログラミングに向いている人の特徴とは？,https://su-gi-rx.com/archives/3467
[42],プログラミングはなぜ儲かるのか？,https://su-gi-rx.com/archives/3464
[58],プログラミングを学ぶ上で作りたいものがない人へ提案させてください,https://su-gi-rx.com/archives/3461
[72],プログラミングを学ぶべき12個のメリット,https://su-gi-rx.com/archives/3458
[25],プログラミングを学ぶ前に押さえておきたいポイント,https://su-gi-rx.com/archives/3452
[25],【Python入門】初学者のためのタイプ別おすすめ学習,https://su-gi-rx.com/archives/3422
[52],プログラミングがわからない時の対処法,https://su-gi-rx.com/archives/3436
[39],【Python】プログラミング学習にLINE Bot開発をおすすめする理由,https://su-gi-rx.com/archives/3423
[22],Python初心者におすすめするアプリ開発でのWebフレームワーク,https://su-gi-rx.com/archives/3414
[14],プログラミング業務がAIに代替されるのはむしろ好都合,https://su-gi-rx.com/archives/3393
[56],プログラミング学習の始め方〜３ヶ月で稼ぐには〜,https://su-gi-rx.com/archives/3379
[27],プログラミング学習２週間でWEBアプリ開発まで学ぶ,https://su-gi-rx.com/archives/3373
[14],プログラミング基礎学習は1000時間もいらない,https://su-gi-rx.com/archives/3369
[15],プログラミング基礎学習の１週間で向き不向きが分かる,https://su-gi-rx.com/archives/3366
[35],プログラミングの基礎学習は１ヶ月もいらない,https://su-gi-rx.com/archives/3357
[49],プログラミング学習においてブログを利用するべき５つの理由,https://su-gi-rx.com/archives/3358
[9],プログラミングはAIに自動化されるのか？,https://su-gi-rx.com/archives/2757
[21],【初学者必読！】Python学習にオススメのエディターAtomを紹介（Mac編）,https://su-gi-rx.com/archives/3335
[60],プログラミング初学者にオススメする学習サイト,https://su-gi-rx.com/archives/3324
[38],【初学者必見！】なぜプログラミング初学者は挫折しやすいのか,https://su-gi-rx.com/archives/3304
[15],【初心者必読！】プログラミング言語Pythonを活用して稼いでみた – ② 〜ココナラ編〜,https://su-gi-rx.com/archives/3282
[11],Pythonスキルで稼ぐならココナラを活用しよう！,https://su-gi-rx.com/archives/3243
[21],【初心者のPython入門】SeleniumでGoogle mapsのデータをスクレイピング,https://su-gi-rx.com/archives/3217
[6],プログラミング言語Pythonを活用して稼いでみた〜ココナラ編〜,https://su-gi-rx.com/archives/3203
[36],プログラミングスクール生に聞いてみた〜何を得られたか〜,https://su-gi-rx.com/archives/3138
[88],“プログラミングでできること”と”やりたいこと”は全然違うって話,https://su-gi-rx.com/archives/3083
[68],プログラミング上達のコツはあなたの目的をマクロに捉えることにある,https://su-gi-rx.com/archives/3077
[59],プログラミングがつまらない人の特徴と挫折【楽しくない原因と対策】,https://su-gi-rx.com/archives/3065
[13],Python活用事例から導くPythonにできること・スキル・学習方法を解説！,https://su-gi-rx.com/archives/3049
[24],【コード公開】【Python】テキストマイニングしてみた〜ジョブズのスピーチでWordCloudを作ろう,https://su-gi-rx.com/archives/3031
[25],【初心者のpython入門】seleniumでフォロー自動化！〜Twitter編〜,https://su-gi-rx.com/archives/2896
[16],【初心者のpython入門】seleniumでログイン自動化！〜Twitter編〜,https://su-gi-rx.com/archives/2879
[29],【プログラミング初心者】メンターが必要な5つのポイント,https://su-gi-rx.com/archives/2170
[1],【コード公開】【初心者のPython入門】Webスクレイピングとクローリング,https://su-gi-rx.com/archives/1919
[1],Node.js – ダウンロードとインストール手順,https://su-gi-rx.com/archives/1903
[4],Node.jsを利用したWebアプリ開発,https://su-gi-rx.com/archives/1885
[1],【コード公開】【初心者のPython入門】Webスクレイピング〜テキスト抽出〜,https://su-gi-rx.com/archives/1881
[4],JavaScriptの歴史 – Node.jsとReact登場,https://su-gi-rx.com/archives/1842
[23],【初心者のpython入門】プログラミングにおける３つの心得,https://su-gi-rx.com/archives/1552
[38],【Python】テキストマイニングとは〜データマイニングの重要性〜,https://su-gi-rx.com/archives/1292
[11],【初心者のPython入門】Python初心者が始める前に知っておくこと,https://su-gi-rx.com/archives/1251
[8],Webデザイナーという職業はもう無くなる！？,https://su-gi-rx.com/archives/1199
[2],3年後じゃ手遅れ？未経験からフリーのエンジニアになるべき３つの理由,https://su-gi-rx.com/archives/1193
[2],【コード公開】【Python】twitter APIによるフォロー・アンフォロー自動化ツール,https://su-gi-rx.com/archives/983
[12],【コード公開】【Python】スクレイピングで特定URL内の画像を丸ごと収集,https://su-gi-rx.com/archives/976
[1],【ディープラーニング】深層学習とは何か〜学習編〜,https://su-gi-rx.com/archives/960
[1],【コード公開】【Python】機械学習入門〜構造化データを分類・評価〜,https://su-gi-rx.com/archives/954
[3],【コード公開】【Python】TwitterのStream APIにてデータ収集,https://su-gi-rx.com/archives/942
[14],【コード公開】【Python】テキストマイニングしてみた〜モデル作成〜,https://su-gi-rx.com/archives/936
[22],【コード公開】【Python】テキストマイニングしてみた〜形態素解析〜,https://su-gi-rx.com/archives/922
[1],【コード公開】【Pythonでの機械学習】ブログアクセス数データの近似モデルを構築,https://su-gi-rx.com/archives/913
[2],【コード公開】【Python】twitterでの検索キーワードからフォロー自動化,https://su-gi-rx.com/archives/882
[1],【Python】twitter APIを使用するための各種キーを取得する手順,https://su-gi-rx.com/archives/872
[3],【コード公開】【初心者のためのPython入門】Webスクレイピング〜サイトを丸ごとダウンロード〜,https://su-gi-rx.com/archives/868
[2],【コード公開】【初心者のためのPython入門】Webスクレイピング〜画像データのダウンロード〜,https://su-gi-rx.com/archives/838
[2],【コード公開】【初心者のためのPython入門】Webスクレイピング〜Webページから任意のデータを抽出する〜,https://su-gi-rx.com/archives/811
[2],【コード公開】【初心者のためのPython入門】Webスクレイピング,https://su-gi-rx.com/archives/796
[28],【コード公開】【初心者のためのPython入門】”Hello world!”からわかること,https://su-gi-rx.com/archives/779
[9],【Python初心者入門】ダウンロードとインストール方法を解説！,https://su-gi-rx.com/archives/737
[1],【初心者のためのPython入門】Anacondaのダウンロードとインストール,https://su-gi-rx.com/archives/709
[1],人工知能とシンギュラリティ,https://su-gi-rx.com/archives/681
[1],テキストマイニングとは？〜分析したデータから新たな知見を見出す〜,https://su-gi-rx.com/archives/664
[1],AIビジネスの最前線,https://su-gi-rx.com/archives/656
[3],機械学習には教師あり学習・教師なし学習・強化学習がある,https://su-gi-rx.com/archives/273
[3],そもそも「人工知能」って？,https://su-gi-rx.com/archives/263
